Top pages,Clicks,Impressions,CTR,Position
https://howtoworkleads.com/buying-leads/buy-iul-leads,34,1103,3.08%,9.55
https://www.howtoworkleads.com/buying-leads/buy-iul-leads,28,2788,1%,7.82
https://howtoworkleads.com/buying-leads/buy-life-insurance-leads,23,9250,0.25%,38.35
https://www.howtoworkleads.com/buying-leads/buy-life-insurance-leads,18,8329,0.22%,30.32
https://www.howtoworkleads.com/blog/voicemail-scripts-mortgage-leads,9,649,1.39%,12.51
https://www.howtoworkleads.com/buying-leads/buy-home-improvement-leads,7,4750,0.15%,10.68
https://www.howtoworkleads.com/buying-leads/buy-aged-leads,5,618,0.81%,12.83
https://howtoworkleads.com/buying-leads/buy-home-improvement-leads,5,420,1.19%,14.7
https://howtoworkleads.com/blog/state-by-state-lead-compliance-guide,4,341,1.17%,7.64
https://howtoworkleads.com/buying-leads/buy-aged-leads,4,197,2.03%,20.92
https://www.howtoworkleads.com/,4,53,7.55%,6.51
https://howtoworkleads.com/blog/aged-lead-pricing-guide,3,1574,0.19%,5.24
https://www.howtoworkleads.com/blog/sms-templates-insurance-leads,3,1154,0.26%,7.91
https://howtoworkleads.com/lead-management/lead-status-vs-lifecycle-stage,2,984,0.2%,28.56
https://www.howtoworkleads.com/sales-process/the-modern-b2c-sales-funnel,2,979,0.2%,13.52
https://www.howtoworkleads.com/blog/voicemail-scripts-insurance-leads,2,418,0.48%,6.1
https://howtoworkleads.com/buying-leads/buy-solar-leads,2,249,0.8%,19.45
https://www.howtoworkleads.com/crm-systems/b2c-vs-b2b-crm,1,4459,0.02%,46.84
https://www.howtoworkleads.com/buying-leads/health-insurance-leads,1,2097,0.05%,26.54
https://www.howtoworkleads.com/lead-management/lead-status-vs-lifecycle-stage,1,2066,0.05%,33.71
https://www.howtoworkleads.com/sales-process/b2c-vs-b2b-sales-process,1,1567,0.06%,13.19
https://www.howtoworkleads.com/blog/aged-lead-pricing-guide,1,1385,0.07%,4.3
https://www.howtoworkleads.com/lead-management/b2b-vs-b2c-lead-management,1,650,0.15%,15.83
https://www.howtoworkleads.com/blog/how-to-work-workers-comp-leads,1,649,0.15%,14.96
https://howtoworkleads.com/lead-management/lead-management-vs-crm,1,516,0.19%,45.93
https://www.howtoworkleads.com/buying-leads,1,509,0.2%,13.31
https://howtoworkleads.com/lead-management,1,502,0.2%,62.29
https://www.howtoworkleads.com/sales-process/sales-process-vs-sales-methodology,1,263,0.38%,17.62
https://howtoworkleads.com/sales-process/b2c-vs-b2b-sales-process,1,250,0.4%,20.62
https://www.howtoworkleads.com/buying-leads/buy-mortgage-leads,1,174,0.57%,18.96
https://www.howtoworkleads.com/blog/how-to-work-aged-leads-the-complete-system-for-maximum-roi,1,151,0.66%,6.17
https://howtoworkleads.com/blog/how-to-work-iul-leads,1,135,0.74%,11.03
https://howtoworkleads.com/blog/how-to-work-pc-insurance-leads,1,75,1.33%,11.27
https://howtoworkleads.com/blog/how-to-work-dscr-loan-leads,1,70,1.43%,10.63
https://howtoworkleads.com/blog/how-to-work-bankruptcy-leads,1,66,1.52%,22.97
https://www.howtoworkleads.com/blog/how-to-work-iul-leads,1,64,1.56%,8.22
https://www.howtoworkleads.com/buying-leads/buy-non-qm-mortgage-leads,1,56,1.79%,6.29
https://howtoworkleads.com/blog/how-to-work-leads-the-simple-4-step-system-for-sales-professionals,1,49,2.04%,8.33
https://howtoworkleads.com/buying-leads/buy-mortgage-protection-leads,1,48,2.08%,18.58
https://www.howtoworkleads.com/blog/how-to-work-home-improvement-leads,1,16,6.25%,9.94
https://howtoworkleads.com/,1,12,8.33%,3.08
https://www.howtoworkleads.com/crm-systems/what-is-a-crm-system,0,5065,0%,70.31
https://www.howtoworkleads.com/blog/hubspot-crm-leads-review,0,2414,0%,8.09
https://www.howtoworkleads.com/crm-systems/operational-analytical-and-collaborative-crm,0,2395,0%,39.01
https://www.howtoworkleads.com/lead-management/lead-management-vs-crm,0,2214,0%,57.15
https://www.howtoworkleads.com/blog/close-crm-aged-leads-review,0,1490,0%,7.53
https://www.howtoworkleads.com/crm-systems/crm-vs-lead-management,0,1277,0%,50.04
https://www.howtoworkleads.com/lead-management/the-lead-lifecycle,0,1040,0%,28.81
https://howtoworkleads.com/lead-management/what-is-lead-management,0,686,0%,83.66
https://www.howtoworkleads.com/sales-process/what-is-a-sales-process,0,510,0%,45.99
https://www.howtoworkleads.com/crm-systems/the-evolution-of-crm,0,475,0%,8.36
https://howtoworkleads.com/sales-process/the-modern-b2c-sales-funnel,0,390,0%,14.9
https://howtoworkleads.com/lead-management/the-lead-lifecycle,0,327,0%,24.97
https://howtoworkleads.com/crm-systems/the-evolution-of-crm,0,283,0%,15.65
https://www.howtoworkleads.com/lead-management/what-is-lead-management,0,282,0%,77.54
https://howtoworkleads.com/lead-management/b2b-vs-b2c-lead-management,0,255,0%,22.94
https://www.howtoworkleads.com/blog/how-to-work-mva-leads,0,250,0%,23.14
https://www.howtoworkleads.com/lead-management,0,226,0%,50.08
https://www.howtoworkleads.com/blog,0,150,0%,19.67
https://www.howtoworkleads.com/sales-process/the-customer-journey,0,132,0%,5.23
https://howtoworkleads.com/sales-process/sales-process-vs-sales-methodology,0,120,0%,37.31
https://howtoworkleads.com/tools/aged-lead-roi-calculator,0,113,0%,7.27
https://www.howtoworkleads.com/buying-leads/buy-mortgage-refinance-leads,0,106,0%,23.43
https://howtoworkleads.com/blog/how-to-work-home-improvement-leads,0,97,0%,27.63
https://howtoworkleads.com/blog,0,94,0%,15.5
https://howtoworkleads.com/legal-leads,0,90,0%,49.12
https://www.howtoworkleads.com/blog/state-by-state-lead-compliance-guide,0,87,0%,7.18
https://howtoworkleads.com/blog/how-to-work-refinance-mortgage-leads,0,87,0%,19.28
https://howtoworkleads.com/blog/how-to-work-ssdi-leads,0,80,0%,14.68
https://howtoworkleads.com/blog/how-to-evaluate-lead-vendor,0,78,0%,5.06
https://howtoworkleads.com/blog/lead-fraud-detection-fake-leads,0,75,0%,12.48
https://howtoworkleads.com/blog/how-to-work-mass-tort-leads,0,72,0%,34.35
https://howtoworkleads.com/blog/lead-vendor-negotiation-guide,0,68,0%,6.91
https://www.howtoworkleads.com/lead-order,0,67,0%,12.46
https://howtoworkleads.com/blog/how-to-work-life-insurance-leads,0,65,0%,15.6
https://www.howtoworkleads.com/resources,0,63,0%,14.79
https://www.howtoworkleads.com/sales-process,0,62,0%,32.1
https://howtoworkleads.com/blog/aged-lead-conversion-rates,0,61,0%,5.92
https://howtoworkleads.com/blog/aged-leads-vs-fresh-leads,0,60,0%,7.42
https://howtoworkleads.com/blog/how-to-work-bank-statement-loan-leads,0,57,0%,32.46
https://howtoworkleads.com/buying-leads/buy-pc-insurance-leads,0,57,0%,49.61
https://howtoworkleads.com/blog/appointment-setting-scripts-internet-lead-booked-meeting-one-call,0,54,0%,14.54
https://howtoworkleads.com/crm-systems,0,51,0%,6.76
https://howtoworkleads.com/blog/lead-buyer-regulatory-cheat-sheet,0,51,0%,8.92
https://www.howtoworkleads.com/buying-leads/buy-solar-leads,0,51,0%,10.59
https://www.howtoworkleads.com/blog/how-to-work-debt-leads,0,51,0%,28.14
https://howtoworkleads.com/blog/sms-templates-mortgage-leads,0,48,0%,19.44
https://howtoworkleads.com/blog/how-to-work-family-law-leads,0,48,0%,22.79
https://howtoworkleads.com/blog/how-to-work-medicare-leads,0,45,0%,17.07
https://www.howtoworkleads.com/blog/cost-per-lead-analysis,0,45,0%,21.89
https://www.howtoworkleads.com/tools/aged-lead-roi-calculator,0,44,0%,6.25
https://howtoworkleads.com/blog/how-to-work-hvac-leads,0,43,0%,13.81
https://howtoworkleads.com/blog/close-crm-aged-leads-review,0,39,0%,10.51
https://www.howtoworkleads.com/blog/how-to-work-mass-tort-leads,0,38,0%,8.24
https://www.howtoworkleads.com/blog/sms-templates-mortgage-leads,0,38,0%,14.32
https://howtoworkleads.com/blog/how-to-work-health-insurance-leads,0,37,0%,19.97
https://howtoworkleads.com/blog/how-to-work-painting-leads,0,37,0%,21.27
https://www.howtoworkleads.com/blog/aged-leads,0,36,0%,20.83
https://www.howtoworkleads.com/crm-systems,0,35,0%,6.57
https://howtoworkleads.com/blog/how-to-work-heloc-leads,0,35,0%,12.49
https://howtoworkleads.com/blog/tcpa-compliance-lead-buyers,0,35,0%,17.43
https://howtoworkleads.com/sales-process,0,32,0%,9.72
https://howtoworkleads.com/blog/closing-techniques-internet-leads,0,32,0%,10.06
https://www.howtoworkleads.com/blog/how-to-work-bankruptcy-leads,0,32,0%,15.25
https://www.howtoworkleads.com/blog/how-to-work-leads-the-simple-4-step-system-for-sales-professionals,0,31,0%,6.94
https://www.howtoworkleads.com/blog/how-to-work-ssdi-leads,0,30,0%,11.9
https://howtoworkleads.com/resources/about,0,29,0%,7.83
https://www.howtoworkleads.com/resources/about,0,28,0%,4.46
https://howtoworkleads.com/blog/mortgage-lead-conversion-playbook,0,28,0%,11.43
https://www.howtoworkleads.com/blog/aged-leads-vs-fresh-leads,0,24,0%,3.88
https://www.howtoworkleads.com/blog/tcpa-compliance-lead-buyers,0,24,0%,5.92
https://www.howtoworkleads.com/blog/aged-lead-conversion-rates,0,23,0%,3.48
https://www.howtoworkleads.com/blog/multi-channel-outreach-strategy,0,20,0%,6.8
https://howtoworkleads.com/blog/how-to-work-non-qm-mortgage-leads,0,20,0%,8.65
https://www.howtoworkleads.com/blog/how-to-work-family-law-leads,0,20,0%,23.6
https://howtoworkleads.com/buying-leads/buy-iul-leads#what-to-look-for-when-you-buy-iul-leads,0,19,0%,7.74
https://howtoworkleads.com/blog/how-to-work-debt-leads,0,19,0%,25.42
https://howtoworkleads.com/blog/cost-per-lead-analysis,0,18,0%,6.78
https://howtoworkleads.com/home-services-leads,0,18,0%,42.33
https://www.howtoworkleads.com/blog/how-to-evaluate-lead-vendor,0,17,0%,9.12
https://www.howtoworkleads.com/blog/objection-handling-scripts,0,17,0%,9.88
https://howtoworkleads.com/blog/how-to-work-landscaping-leads,0,17,0%,10.47
https://www.howtoworkleads.com/buying-leads/buy-mortgage-protection-leads,0,17,0%,10.65
https://howtoworkleads.com/buying-leads/buy-purchase-mortgage-leads,0,17,0%,45.18
https://howtoworkleads.com/tools/compliance-checklist,0,17,0%,78.71
https://www.howtoworkleads.com/blog/how-to-work-hvac-leads,0,16,0%,8.38
https://www.howtoworkleads.com/blog/sms-templates-home-services-leads,0,16,0%,10.06
https://www.howtoworkleads.com/blog/how-to-work-garage-door-leads,0,16,0%,15.88
https://www.howtoworkleads.com/blog/how-to-work-heloc-leads,0,15,0%,6.53
https://howtoworkleads.com/blog/objection-handling-scripts,0,15,0%,6.67
https://howtoworkleads.com/blog/how-to-work-real-estate-leads,0,15,0%,10.13
https://www.howtoworkleads.com/blog/mortgage-lead-conversion-playbook,0,15,0%,10.13
https://www.howtoworkleads.com/blog/insurance-agent-lead-budget,0,14,0%,8.07
https://howtoworkleads.com/buying-leads/buy-iul-leads#how-to-turn-iul-leads-into-closed-policies,0,14,0%,8.93
https://howtoworkleads.com/resources,0,14,0%,14.29
https://howtoworkleads.com/buying-leads/buy-iul-leads#start-building-your-iul-pipeline-today,0,13,0%,6.92
https://howtoworkleads.com/buying-leads/buy-iul-leads#why-aged-iul-leads-outperform-expensive-real-time-leads,0,13,0%,6.92
https://www.howtoworkleads.com/blog/how-to-work-landscaping-leads,0,10,0%,5.5
https://www.howtoworkleads.com/blog/lead-buyer-regulatory-cheat-sheet,0,10,0%,6
https://howtoworkleads.com/blog/building-lead-based-sales-team,0,10,0%,8.4
https://www.howtoworkleads.com/downloads/mortgage-lead-scripts-bundle,0,10,0%,25.3
https://www.howtoworkleads.com/blog/how-to-work-painting-leads,0,9,0%,21.22
https://howtoworkleads.com/buying-leads/buy-iul-leads#why-smart-agents-buy-iul-insurance-leads,0,8,0%,8.5
https://www.howtoworkleads.com/blog/how-to-work-non-qm-mortgage-leads,0,8,0%,10.88
https://howtoworkleads.com/blog/how-to-work-window-replacement-leads,0,7,0%,6.71
https://howtoworkleads.com/blog/best-crm-aged-leads,0,7,0%,7.71
https://howtoworkleads.com/blog/aged-leads-buying-guide-profit-leads-other-reps-gave-up,0,6,0%,6.33
https://howtoworkleads.com/blog/how-to-work-garage-door-leads,0,6,0%,6.5
https://www.howtoworkleads.com/blog/how-to-work-bank-statement-loan-leads,0,6,0%,8
https://howtoworkleads.com/blog/how-to-work-plumbing-leads,0,6,0%,8.67
https://howtoworkleads.com/blog/insurance-agent-lead-budget,0,6,0%,8.67
https://howtoworkleads.com/blog/multi-channel-outreach-strategy,0,6,0%,20.5
https://www.howtoworkleads.com/blog/how-to-work-electrical-leads,0,6,0%,39.5
https://www.howtoworkleads.com/blog/how-to-work-real-estate-leads,0,5,0%,6.8
https://www.howtoworkleads.com/downloads/lead-vendor-comparison-scorecard,0,4,0%,3.25
https://howtoworkleads.com/tools,0,4,0%,5.25
https://howtoworkleads.com/blog/how-to-work-home-services-leads,0,4,0%,6
https://howtoworkleads.com/blog/how-to-work-annuity-leads,0,4,0%,6.5
https://www.howtoworkleads.com/blog/aged-leads-buying-guide-profit-leads-other-reps-gave-up,0,4,0%,14.5
https://howtoworkleads.com/blog/trigger-lead-ban-mortgage-buyers,0,3,0%,6.33
https://www.howtoworkleads.com/buying-leads/buy-pc-insurance-leads,0,3,0%,6.67
https://howtoworkleads.com/blog/lead-scoring-models-prioritize-internet-leads-maximum-roi,0,3,0%,11.67
https://howtoworkleads.com/blog/sms-templates-home-services-leads,0,3,0%,13.67
https://www.howtoworkleads.com/legal-leads,0,3,0%,21
https://www.howtoworkleads.com/blog/how-to-work-dscr-loan-leads,0,2,0%,3
https://www.howtoworkleads.com/blog/appointment-setting-scripts-internet-lead-booked-meeting-one-call,0,2,0%,5
https://howtoworkleads.com/blog/voicemail-scripts-home-services-leads,0,2,0%,8
https://www.howtoworkleads.com/blog/how-to-work-medicare-leads,0,2,0%,9.5
https://howtoworkleads.com/blog/ai-lead-scoring-prioritization,0,2,0%,11.5
https://www.howtoworkleads.com/blog/voicemail-scripts-home-services-leads,0,2,0%,13
https://www.howtoworkleads.com/blog/how-to-work-refinance-mortgage-leads,0,2,0%,13.5
https://howtoworkleads.com/downloads/mortgage-lead-scripts-bundle,0,2,0%,26
https://www.howtoworkleads.com/blog/lead-scoring-models-prioritize-internet-leads-maximum-roi,0,1,0%,7
https://www.howtoworkleads.com/buying-leads/buy-purchase-mortgage-leads,0,1,0%,12